{
  "lobby_stats": {
    "x": -19.60003662109375,
    "y": -18.400001525878906,
    "width": 1248.7999267578125,
    "height": 128.80001831054688
  },
  "lobby_interests": {
    "x": -7.600006103515625,
    "y": -113,
    "width": 656,
    "height": 279.20001220703125
  },
  "lobby_social": {
    "x": 19.99993896484375,
    "y": -113.5999755859375,
    "width": 580.800048828125,
    "height": 646.4000549316406
  },
  "chat_header": {
    "x": 7.999950408935547,
    "y": -0.8000030517578125
  }
}